"shelter_code","name","kana","address","tel","fax","email_address","admin_name","capacity","shelter_type","address_code","latitude","longitude","remarks"
"04202I00000000000001","石巻小学校","","泉町一丁目1番2号","22-6545","","","","","","","38.428954","141.305277",""
"04202I00000000000002","石巻中央公民館","","日和が丘一丁目2番7号","22-2970","","","","","","","38.427568","141.305218",""
"04202I00000000000003","羽黒山公園","","羽黒町一丁目","","","","","","","","","",""
"04202I00000000000004","石巻中学校","","泉町四丁目7番15号","95-8341","","","","","","","38.428362","141.297932",""
"04202I00000000000005","門脇中学校","","泉町四丁目7番12号","22-2675","","","","","","","38.42811","141.296918",""
"04202I00000000000006","宮城県石巻高等学校","","大手町3番13号","93-8022","","","","","","","38.425857","141.299574",""
"04202I00000000000007","市立女子高等学校","","日和が丘二丁目11番8号","22-4421","","","","","","","","",""
"04202I00000000000008","日和山公園","","日和が丘二丁目","","","","","","","","","",""
"04202I00000000000009","門脇小学校","","門脇町四丁目2番11号","95-7182","","","","","","","","",""
"04202I00000000000010","雲雀野公園","","雲雀野町一丁目","","","","","","","","","",""
"04202I00000000000011","貞山小学校","","貞山五丁目3番1号","95-8121","","","","","","","","",""
"04202I00000000000012","山下中学校","","貞山五丁目3番2号","94-0410","","","","","","","","",""
"04202I00000000000013","宮城県石巻工業高等学校","","貞山五丁目1番1号","22-6338","","","","","","","","",""
"04202I00000000000014","宮城県石巻好文館高等学校","","貞山三丁目4番1号","22-9161","","","","","","","","",""
"04202I00000000000015","山下小学校","","山下町一丁目10番10号","22-4569","","","","","","","38.432467","141.295852",""
"04202I00000000000016","総合体育館","","泉町三丁目1番63号","95-8998","","","","","","","","",""
"04202I00000000000017","宮城県石巻高等技術専門校","","門脇字青葉西27番1","22-1719","","","","","","","","",""
"04202I00000000000018","上釜会館","","門脇字浦屋敷4番地3","22-9882","","","","","","","","",""
"04202I00000000000019","重吉神社","","新館二丁目6番105号","","","","","","","","","",""
"04202I00000000000020","三軒屋公園","","大街道東三丁目","","","","","","","","","",""
"04202I00000000000021","釜会館","","築山三丁目6番28号","93-4873","","","","","","","","",""
"04202I00000000000022","釜小学校","","大街道西二丁目5番1号","22-1840","","","","","","","38.432577","141.273702",""
"04202I00000000000023","大街道小学校","","大街道南一丁目3番1号","96-3123","","","","","","","","",""
"04202I00000000000024","住吉小学校","","住吉町二丁目4番27号","22-6248","","","","","","","38.437657","141.31276",""
"04202I00000000000025","向陽小学校","","向陽町四丁目13番24号","95-0221","","","","","","","","",""
"04202I00000000000026","蛇田中央公園","","向陽町四丁目","","","","","","","","","",""
"04202I00000000000027","蛇田団地南公園","","向陽町三丁目","","","","","","","","","",""
"04202I00000000000028","高玉神社（高玉ちびっこ広場）","","蛇田字上中埣88番地の1","","","","","","","","","",""
"04202I00000000000029","蛇田公民館","","蛇田字上中埣26番地","95-0183","","","","","","","38.444159","141.273764",""
"04202I00000000000030","新下前沼公園","","蛇田字新下前沼","","","","","","","","","",""
"04202I00000000000031","蛇田小学校","","蛇田字上中埣97番地の1","22-2582","","","","","","","","",""
"04202I00000000000032","蛇田中学校","","蛇田字新金沼 20番地の1","22-2558","","","","","","","38.446527","141.264116",""
"04202I00000000000033","開北小学校","","大橋一丁目2番1","96-5401","","","","","","","38.44301","141.314294",""
"04202I00000000000034","住吉中学校","","東中里三丁目3番1号","95-8341","","","","","","","38.442527","141.306216",""
"04202I00000000000035","住吉幼稚園","","南中里一丁目8番25号","22-1341","","","","","","","","",""
"04202I00000000000036","北上公園","","中里三丁目","","","","","","","","","",""
"04202I00000000000037","中里小学校","","中里五丁目7番1号","96-1011","","","","","","","38.444069","141.297488",""
"04202I00000000000038","新境谷地南公園","","中里六丁目","","","","","","","","","",""
"04202I00000000000039","湊小学校","","吉野町一丁目3番21号","22-0843","","","","","","","38.42702","141.316452",""
"04202I00000000000040","湊幼稚園・みなと荘","","湊町一丁目1番9号","22-4657","","","","","","","","",""
"04202I00000000000041","青葉中学校","","門脇字一番谷地51番地10","94-6220","","","","","","","","",""
"04202I00000000000042","湊第二小学校","","大門町二丁目2番1号","95-8361","","","","","","","","",""
"04202I00000000000043","湊中学校","","大門町四丁目1番1号","95-8351","","","","","","","","",""
"04202I00000000000044","松並公園","","松並二丁目","","","","","","","","","",""
"04202I00000000000045","筒場公園","","緑町一丁目","","","","","","","","","",""
"04202I00000000000046","鹿妻小学校","","鹿妻北二丁目2番地1","93-9711","","","","","","","","",""
"04202I00000000000047","鹿妻西公園","","鹿妻南一丁目","","","","","","","","","",""
"04202I00000000000048","鹿妻東公園","","鹿妻南二丁目","","","","","","","","","",""
"04202I00000000000049","市立女子商業高等学校","","渡波字浜曽根山1番地","24-0677","","","","","","","38.416584","141.350269",""
"04202I00000000000050","渡波中学校","","渡波字浜曽根山1番地","24-2115","","","","","","","","",""
"04202I00000000000051","渡波小学校","","渡波町一丁目5番22号","24-1135","","","","","","","","",""
"04202I00000000000052","渡波公民館","","渡波町二丁目6番31号","24-0941","","","","","","","","",""
"04202I00000000000053","宮城県水産高等学校","","宇田川町1番24号","24-0404","","","","","","","","",""
"04202I00000000000054","万石浦小学校","","渡波字境釜1番地1","","","","","","","","","",""
"04202I00000000000055","うしお荘","","流留字七勺21番地","","","","","","","","","",""
"04202I00000000000056","市民会館","","不動町二丁目16番1号","","","","","","","","","",""
"04202I00000000000057","宮城県石巻商業高等学校","","南境字大樋20番地","22-9188","","","","","","","","",""
"04202I00000000000058","総合運動公園","","南境字新小堤18番地","22-9111","","","","","","","38.455713","141.307869",""
"04202I00000000000059","稲井小学校","","真野字八の坪116番地1","91-2114","","","","","","","","",""
"04202I00000000000060","稲井中学校","","真野字八の坪116番地","91-2314","","","","","","","38.446518","141.335568",""
"04202I00000000000061","稲井公民館","","新栄一丁目25番地7","22-4303","","","","","","","","",""
"04202I00000000000062","高木東公民館","","高木字大沢22番地","91-2832","","","","","","","","",""
"04202I00000000000063","水沼西生活センター","","水沼字横路4番地の3","","","","","","","","","",""
"04202I00000000000064","水沼東部構造改善センター","","水沼字台畑1番地の3","","","","","","","","","",""
"04202I00000000000065","真野日向日影生活センター","","真野字日向129番地","","","","","","","","","",""
"04202I00000000000066","真野小学校跡地","","真野字馬場前77番地","","","","","","","","","",""
"04202I00000000000067","沼津集落センター","","沼津字山中70番地1","","","","","","","","","",""
"04202I00000000000068","洞源院","","渡波字仁田山2番地","24-1389","","","","","","","","",""
"04202I00000000000069","法音寺","","渡波字神明35番地3","24-1294","","","","","","","","",""
"04202I00000000000070","峰耕寺","","折浜字風越13番地","90-2929","","","","","","","","",""
"04202I00000000000071","荻浜小学校","","桃浦字米久保5番地","90-2124","","","","","","","","",""
"04202I00000000000072","五十鈴神社","","月浦字高頭山2番地1","","","","","","","","","",""
"04202I00000000000073","万石浦公園","","流留字七勺","","","","","","","","","",""
"04202I00000000000074","荻浜公民館","","荻浜字家前65番地","90-2526","","","","","","","","",""
"04202I00000000000075","荻浜中学校","","荻浜字田浜山3番地","90-2224","","","","","","","","",""
"04202I00000000000076","東浜小学校","","牧浜字竹浜道22番地2","90-2024","","","","","","","","",""
"04202I00000000000077","小竹地区コミュニティセンター","","小竹浜字山居山11番地","","","","","","","","","",""
"04202I00000000000078","福貴浦会館","","福貴浦字福貴屋敷39番地","","","","","","","","","",""
"04202I00000000000079","狐﨑漁村センター","","狐崎浜字狐﨑屋敷4番地","90-2830","","","","","","","","",""
"04202I00000000000080","田代島自然教育センター","","田代浜字内山88番地3","98-2421","","","","","","","","",""
"04202I00000000000081","宮城県立石巻養護学校","","蛇田字新立野410番地1","94-0202","","","","","","","","",""
"04202I00000000000082","万石浦中学校","","流留字七勺21番地","24-3211","","","","","","","","",""
"04202I00000000000083","葬祭会館ほたる","","大門町三丁目４番１０号","21-2444","","","","","","","","",""
"04202I00000000000084","株式会社ヨークベニマル湊鹿妻店","","伊原津二丁目１０番５０号","22-7813","","","","","","","","",""
"04202I00000000000085","ホーマック株式会社石巻東店","","伊原津二丁目１１番５５号","94-7670","","","","","","","","",""
"04202I00000000000086","成田老人憩の家","成田字小塚宅地91番地2","","","","","","","","","","",""
"04202I00000000000087","飯野川中学校","相野谷字旧会所前34番地","","62-3511","","","","","","","","",""
"04202I00000000000088","飯野川第一小学校","相野谷字旧屋敷56番地","","62-3009","","","","","","","","",""
"04202I00000000000089","河北総合センター（ビックバン）","成田字小塚裏畑54番地","","62-1120","","","","","","","","",""
"04202I00000000000090","源光寺会館","相野谷字柿木前42番地","","62-2559","","","","","","","","",""
"04202I00000000000091","相野谷公民館","相野谷字塚崎38番地3","","","","","","","","","","",""
"04202I00000000000092","梅林寺会館","中野字岩沢99番地","","62-1419","","","","","","","","",""
"04202I00000000000093","中野林業センター","中野字大屋敷123番地１","","62-2915","","","","","","","","",""
"04202I00000000000094","牧野巣公民館","中野字牧野巣山55番地","","","","","","","","","","",""
"04202I00000000000095","中島生活センター","中島字大島山畑86番地","","","","","","","","","","",""
"04202I00000000000096","飯野川第二小学校","皿貝字宮田7番地","","62-2271","","","","","","","","",""
"04202I00000000000097","馬鞍老人憩の家","馬鞍字百目木13番地","","62-2925","","","","","","","","",""
"04202I00000000000098","皿貝老人憩の家","皿貝字郷田21番地7","","","","","","","","","","",""
"04202I00000000000099","五十五人生活センター","小船越字大縄場67番地5","","","","","","","","","","",""
"04202I00000000000100","鶴家公民館","小船越字的場16番地2","","","","","","","","","","",""
"04202I00000000000101","沢田老人憩の家","小船越字崎山147番地1","","","","","","","","","","",""
"04202I00000000000102","川の上構造改善センター","小船越字山畑133番地1","","","","","","","","","","",""
"04202I00000000000103","河北中学校","小船越字山畑250番地","","62-2374","","","","","","","","",""
"04202I00000000000104","後谷地老人憩の家","小船越字舟形22番地1","","","","","","","","","","",""
"04202I00000000000105","大谷地小学校","小船越字角田16番地2","","62-3129","","","","","","","","",""
"04202I00000000000106","吉野老人憩の家","飯野字外吉野114番地2","","","","","","","","","","",""
"04202I00000000000107","大吉野福祉センター","飯野字大吉野入17番地","","","","","","","","","","",""
"04202I00000000000108","飯野体育研修センター","飯野字大筒前東一番43番地","","","","","","","","","","",""
"04202I00000000000109","本地老人憩の家","飯野字宮前41番地","","62-2953","","","","","","","","",""
"04202I00000000000110","新田交流会館","飯野字浦谷地沖65番地1","","","","","","","","","","",""
"04202I00000000000111","岩崎生活センター","飯野字岩崎15番地1","","","","","","","","","","",""
"04202I00000000000112","北境老人憩の家","北境字上侍井1番地","","","","","","","","","","",""
"04202I00000000000113","東福田農事集会所","東福田字馬場95番地1","","","","","","","","","","",""
"04202I00000000000114","大土老人憩の家","大森字日影168番地","","","","","","","","","","",""
"04202I00000000000115","二俣小学校","大森字大平6番地","","62-2218","","","","","","","","",""
"04202I00000000000116","親林交流館","三輪田字谷津162番地2","","","","","","","","","","",""
"04202I00000000000117","高徳寺","三輪田字持領前60番地","","62-0329","","","","","","","","",""
"04202I00000000000118","三輪田中老人憩の家","三輪田字馬場前上3番地","","","","","","","","","","",""
"04202I00000000000119","三輪田下公民館","三輪田字中里前90番地","","","","","","","","","","",""
"04202I00000000000120","林業者生活改善センター","福地字加茂崎28番地2","","","","","","","","","","",""
"04202I00000000000121","横川公民館","福地字町149番地4","","65-2828","","","","","","","","",""
"04202I00000000000122","福地体育研修センター","福地字町頭12番地1","","","","","","","","","","",""
"04202I00000000000123","原生活センター","針岡字六角22番地1","","","","","","","","","","",""
"04202I00000000000124","大川中学校","針岡字山下61番地","","64-2241","","","","","","","","",""
"04202I00000000000125","大川小学校","釜谷字山根1番地","","64-2231","","","","","","","","",""
"04202I00000000000126","間垣老人憩の家","針岡字新町1番地3","","","","","","","","","","",""
"04202I00000000000127","釜谷交流会館","釜谷字韮島94番地","","","","","","","","","","",""
"04202I00000000000128","入釜谷生活センター","釜谷字入釜谷53番地1","","","","","","","","","","",""
"04202I00000000000129","農林漁業者トレーニングセンター","長面字町裏1番地","","","","","","","","","","",""
"04202I00000000000130","長面老人憩の家","長面字町裏1番地","","","","","","","","","","",""
"04202I00000000000131","尾崎老人憩の家","尾崎字宮下154番地","","","","","","","","","","",""
"04202I00000000000132","辻堂生活センター","三輪田字上新田21番地1","","","","","","","","","","",""
"04202I00000000000133","梨の木舟渡公民館","大森字青ヶ崎土手外16番地4","","","","","","","","","","",""
"04202I00000000000134","大森公民館","大森字内田300番地","","","","","","","","","","",""
"04202I00000000000135","谷地公民館","福地字大正13番地2","","","","","","","","","","",""
"04202I00000000000136","追舘公民館","針岡字追舘106番地2","","","","","","","","","","",""
"04202I00000000000137","鳥屋森公民館","針岡字迦蘭19番地1","","","","","","","","","","",""
"04202I00000000000138","芦早公民館","針岡字芦早55番地1地先","","","","","","","","","","",""
"04202I00000000000139","根方老人憩の家","前谷地字根方山5番地5","","","","","","","","","","",""
"04202I00000000000140","河南老人福祉センター","前谷地字黒沢前35番地","","72-3725","","","","","","","","",""
"04202I00000000000141","定川会館","前谷地字沖西1番地","","","","","","","","","","",""
"04202I00000000000142","根方公益堂","前谷地字根方山83番地1","","","","","","","","","","",""
"04202I00000000000143","和渕山根ふれあいセンター","和渕字牡丹窪72番地","","72-2925","","","","","","","","",""
"04202I00000000000144","和渕地区コミュニティセンター","和渕字清水75番地","","72-2931","","","","","","","","",""
"04202I00000000000145","和渕小学校","和渕字佐沼川200番地","","72-3121","","","","","","","","",""
"04202I00000000000146","河南農村環境改善センター","和渕字笈入前1番地1","","72-2004","","","","","","","","",""
"04202I00000000000147","河南東中学校","須江字糠塚3番地3","","73-2411","","","","","","","","",""
"04202I00000000000148","梅木ふれあいセンター","鹿又字梅木屋敷96番地","","","","","","","","","","",""
"04202I00000000000149","四家会館","鹿又字四家前26番地2","","","","","","","","","","",""
"04202I00000000000150","宮城県河南高等学校","鹿又字用水向126番地","","74-2211","","","","","","","","",""
"04202I00000000000151","本町コミュニティセンター","鹿又字伊勢前84番地2","","","","","","","","","","",""
"04202I00000000000152","鹿又小学校","鹿又字矢袋屋敷合31番地","","74-2114","","","","","","","","",""
"04202I00000000000153","谷地中老人憩の家","鹿又字観音裏137番地1","","","","","","","","","","",""
"04202I00000000000154","曽波神多目的研修センター","鹿又字曽波神前151番地","","","","","","","","","","",""
"04202I00000000000155","山根中埣転作推進集落センター","須江字沢尻20番地2","","","","","","","","","","",""
"04202I00000000000156","須江小学校","須江字代官43番地","","73-2344","","","","","","","","",""
"04202I00000000000157","砂押会館","広渕字柏木前135番地1","","","","","","","","","","",""
"04202I00000000000158","柏木ふれあいセンター","広渕字砂四1番地1","","","","","","","","","","",""
"04202I00000000000159","広渕小学校","広渕字町北233番地","","73-2251","","","","","","","","",""
"04202I00000000000160","新田公会堂","広渕字新田18番地2","","","","","","","","","","",""
"04202I00000000000161","砂押老人憩いの家","広渕字柏木前103番地1","","","","","","","","","","",""
"04202I00000000000162","広渕新田老人憩いの家","広渕字川南485番地","","","","","","","","","","",""
"04202I00000000000163","北村小学校","北村字幕ケ崎一17番地","","73-2202","","","","","","","","",""
"04202I00000000000164","青木多目的研修センター","北村字新大日6番地1","","73-2829","","","","","","","","",""
"04202I00000000000165","大番所生活改善センター","北村字久米田79番地1","","","","","","","","","","",""
"04202I00000000000166","朝日会館","北村字朝日25番地","","","","","","","","","","",""
"04202I00000000000167","北村老人創作館","北村字大欠下1番地1","","","","","","","","","","",""
"04202I00000000000168","箱清水老人憩の家","北村字関田3番地","","","","","","","","","","",""
"04202I00000000000169","北村農村交流センター","北村字幕ヶ崎55番地1","","73-2033","","","","","","","","",""
"04202I00000000000170","俵庭ふれあいセンター","北村字新俵庭13番地1","","","","","","","","","","",""
"04202I00000000000171","河南西中学校","北村字小崎一37番地2","","72-2411","","","","","","","","",""
"04202I00000000000172","遊楽館","北村字前山15番地1","","72-3561","","","","","","","","",""
"04202I00000000000173","河南中央公園","須江字横手1番地1","","","","","","","","","","",""
"04202I00000000000174","押切沼公園","広渕字砂四15番地1","","","","","","","","","","",""
"04202I00000000000175","北村農村公園","北村字長沢一2番地1","","","","","","","","","","",""
"04202I00000000000176","鹿又農村公園","鹿又字道的前238番地","","","","","","","","","","",""
"04202I00000000000177","前谷地農村公園","前谷地字中埣19番地1","","","","","","","","","","",""
"04202I00000000000178","前谷地小学校","前谷地字沖埣125番地","","72-2014","","","","","","","","",""
"04202I00000000000179","しらさぎ台コミュニティセンター","須江字しらさぎ台二丁目34番地","","","","","","","","","","",""
"04202I00000000000180","本地生活センター","北上町橋浦字西山2番地","","","","","","","","","","",""
"04202I00000000000181","橋浦大須生活改善センター","北上町橋浦字大須29番地1","","","","","","","","","","",""
"04202I00000000000182","橋浦保育所","北上町橋浦字行人前164番地","","67-2932","","","","","","","","",""
"04202I00000000000183","長尾生活センター","北上町長尾字東前23番地","","","","","","","","","","",""
"04202I00000000000184","橋浦小学校","北上町長尾字松崎1番地","","67-2133","","","","","","","","",""
"04202I00000000000185","釜谷崎生活センター","北上町橋浦字北釜谷崎220番地2","","","","","","","","","","",""
"04202I00000000000186","北上公民館女川分館","北上町女川字畑中2番地2","","","","","","","","","","",""
"04202I00000000000187","追波公民館","北上町十三浜字菖蒲田221番地2","","","","","","","","","","",""
"04202I00000000000188","吉浜公民館","北上町十三浜字吉浜255番地5","","","","","","","","","","",""
"04202I00000000000189","北上公民館","北上町十三浜字月浜88番地2","","67-2234","","","","","","","","",""
"04202I00000000000190","吉浜小学校","北上町十三浜字東田50番地3","","67-2049","","","","","","","","",""
"04202I00000000000191","月浜コミュニティセンター","北上町十三浜字東田15番地1","","67-2648","","","","","","","","",""
"04202I00000000000192","立神生活センター","北上町十三浜字立神124番地3","","","","","","","","","","",""
"04202I00000000000193","長塩谷公民館","北上町十三浜字長塩谷305番地3","","","","","","","","","","",""
"04202I00000000000194","白浜公民館","北上町十三浜字白浜11番地2","","","","","","","","","","",""
"04202I00000000000195","大室公民館","北上町十三浜字大室94番地","","","","","","","","","","",""
"04202I00000000000196","相川生活改善センター","北上町十三浜字相川64番地2","","","","","","","","","","",""
"04202I00000000000197","相川小学校","北上町十三浜字相川100番地","","61-2006","","","","","","","","",""
"04202I00000000000198","相川中学校跡地","北上町十三浜字崎山181番地","","","","","","","","","","",""
"04202I00000000000199","大指林業者生活改善センター","北上町十三浜字松の坂47番地4","","66-2282","","","","","","","","",""
"04202I00000000000200","小滝公民館","北上町十三浜字小滝27番地1","","","","","","","","","","",""
"04202I00000000000201","北上保健医療センター","北上町橋浦字大須215番地","","67-2301","","","","","","","","",""
"04202I00000000000202","北上中学校","北上町十三浜字小田93番地1","","67-2057","","","","","","","","",""
"04202I00000000000203","にっこりサンパーク","北上町十三浜字小田93番地4","","67-2038","","","","","","","","",""
"04202I00000000000204","寺崎地区農業者担手センター","桃生町寺崎字町138番地1","","","","","","","","","","",""
"04202I00000000000205","桃生中学校","桃生町寺崎字植立20番地","","76-4122","","","","","","","","",""
"04202I00000000000206","中津山第二小学校","桃生町中津山字江下57番地","","76-2030","","","","","","","","",""
"04202I00000000000207","桃生バイオ研修センター","桃生町中津山字四軒前40番地","","76-4521","","","","","","","","",""
"04202I00000000000208","城内老人憩の家","桃生町城内字東嶺52番地2","","","","","","","","","","",""
"04202I00000000000209","香積寺","桃生町城内字西嶺122番地","","","","","","","","","","",""
"04202I00000000000210","新田保育所","桃生町新田字西町30番地","","76-4123","","","","","","","","",""
"04202I00000000000211","新田老人憩いの家","桃生町新田字的場37番地2","","","","","","","","","","",""
"04202I00000000000212","中津山第一小学校","桃生町給人町字東町96番地","","76-2040","","","","","","","","",""
"04202I00000000000213","神取いきいき交流センター","桃生町神取字鹿島193番地2","","","","","","","","","","",""
"04202I00000000000214","山崎集落センター","桃生町神取字山畑156番地8","","","","","","","","","","",""
"04202I00000000000215","高須賀上生活センター","桃生町高須賀字内畑33番地3","","","","","","","","","","",""
"04202I00000000000216","高須賀地区定住センター","桃生町高須賀字下畑14番地1","","","","","","","","","","",""
"04202I00000000000217","小池老人憩の家","桃生町太田字閖前56番地15","","","","","","","","","","",""
"04202I00000000000218","袖沢会館","桃生町太田字柚沢92番地1","","","","","","","","","","",""
"04202I00000000000219","北沢集落センター","桃生町太田字北沢27番地","","","","","","","","","","",""
"04202I00000000000220","薬田老人憩の家","桃生町太田字薬田133番地","","","","","","","","","","",""
"04202I00000000000221","桃生文化交流会館","桃生町太田字拾貫弐番71番地2","","76-3418","","","","","","","","",""
"04202I00000000000222","万才山婦人ホーム","桃生町太田字万才山4番地2","","","","","","","","","","",""
"04202I00000000000223","入沢老人憩の家","桃生町太田字中下55番地1","","","","","","","","","","",""
"04202I00000000000224","九郎沢会館","桃生町太田字上九郎沢132番地4","","","","","","","","","","",""
"04202I00000000000225","桃生小学校","桃生町樫崎字高附5番地","","76-2242","","","","","","","","",""
"04202I00000000000226","妙円寺","桃生町樫崎字太郎山6番地","","76-1741","","","","","","","","",""
"04202I00000000000227","山田老人憩の家","桃生町樫崎字山田128番地2","","","","","","","","","","",""
"04202I00000000000228","向永井老人憩の家","桃生町永井字新山36番地","","","","","","","","","","",""
"04202I00000000000229","浄音寺","桃生町永井字仁田森23番地","","76-1192","","","","","","","","",""
"04202I00000000000230","永井いきいき交流センター","桃生町永井字土手下246番地1","","","","","","","","","","",""
"04202I00000000000231","八雲神社（倉埣生活センター）","桃生町倉埣字人家36番地","","","","","","","","","","",""
"04202I00000000000232","倉埣老人憩の家","桃生町倉埣字寺後6番地","","","","","","","","","","",""
"04202I00000000000233","牛田生活センター","桃生町牛田字雷109番地1","","","","","","","","","","",""
"04202I00000000000234","桃生総合センター","桃生町城内字東嶺164番地","","76-4565","","","","","","","","",""
"04202I00000000000235","高須賀下親交会館","桃生町高須賀字下畑54番地5","","","","","","","","","","",""
"04202I00000000000236","表永井地区会館","桃生町永井字中ノ内196番地1","","","","","","","","","","",""
"04202I00000000000237","永井西前地区会館","桃生町永井字中ノ内120番地1","","","","","","","","","","",""
"04202I00000000000238","雄勝総合支所","雄勝町雄勝字伊勢畑84番地1","","57-2111","","","","","","","","",""
"04202I00000000000239","伊勢畑地区コミュニティセンター","雄勝町雄勝字伊勢畑67番地12","","57-2949","","","","","","","","",""
"04202I00000000000240","下雄勝会館","雄勝町下雄勝一丁目66番地","","57-2985","","","","","","","","",""
"04202I00000000000241","雄勝小学校","雄勝町雄勝字小渕38番地","","57-3004","","","","","","","","",""
"04202I00000000000242","味噌作親交会館","雄勝町雄勝字味噌作55番地1","","57-2987","","","","","","","","",""
"04202I00000000000243","雄勝森林公園","雄勝町雄勝字原39番地","","57-3544","","","","","","","","",""
"04202I00000000000244","雄勝中学校","雄勝町雄勝字寺4番地3","","57-3051","","","","","","","","",""
"04202I00000000000245","船戸友交会館","雄勝町雄勝字船戸神明10番地19","","57-2988","","","","","","","","",""
"04202I00000000000246","唐桑会館","雄勝町雄勝字唐桑128番地1","","","","","","","","","","",""
"04202I00000000000247","(旧)水浜保育所","雄勝町水浜字水浜105番地1","","","","","","","","","","",""
"04202I00000000000248","(旧)水浜小学校","雄勝町水浜字水浜68番地","","","","","","","","","","",""
"04202I00000000000249","水浜漁村センター","雄勝町水浜字水浜46番地4","","","","","","","","","","",""
"04202I00000000000250","分浜高源院","雄勝町分浜字分浜109番地","","57-3555","","","","","","","","",""
"04202I00000000000251","波板老人憩いの家","雄勝町分浜字波板93番地2","","","","","","","","","","",""
"04202I00000000000252","名振地区コミュニティセンター","雄勝町名振字東45番地1","","58-2565","","","","","","","","",""
"04202I00000000000253","名振老人憩いの家","雄勝町名振字中53番地1","","58-2922","","","","","","","","",""
"04202I00000000000254","船越小学校","雄勝町船越字天王山43番地","","58-2504","","","","","","","","",""
"04202I00000000000255","船越老人憩いの家","雄勝町船越字船越1番地","","58-2920","","","","","","","","",""
"04202I00000000000256","荒老人憩いの家","雄勝町船越字荒204番地","","","","","","","","","","",""
"04202I00000000000257","大須小学校","雄勝町大須字船隠29番地","","58-2549","","","","","","","","",""
"04202I00000000000258","大須中学校","雄勝町大須字舘森1番地1","","58-2245","","","","","","","","",""
"04202I00000000000259","大須保育所","雄勝町大須字大須129番地4","","58-2045","","","","","","","","",""
"04202I00000000000260","大須老人憩いの家","雄勝町大須字船隠1番地1","","58-2918","","","","","","","","",""
"04202I00000000000261","熊沢生活センター","雄勝町熊沢字熊沢57番地3","","58-2927","","","","","","","","",""
"04202I00000000000262","羽坂老人憩いの家","雄勝町桑浜字羽坂419番地","","58-2921","","","","","","","","",""
"04202I00000000000263","船越小学校立浜分校跡地","雄勝町立浜字寺下7番地1","","","","","","","","","","",""
"04202I00000000000264","立浜瀧沢寺","雄勝町立浜字寺下2番地","","58-3353","","","","","","","","",""
"04202I00000000000265","小島地区会館","雄勝町小島字和田34番地13","","","","","","","","","","",""
"04202I00000000000266","明神老人憩いの家","雄勝町明神字明神267番地2","","57-2972","","","","","","","","",""
"04202I00000000000267","母子健康センター","雄勝町雄勝字伊勢畑1番地25","","57-2344","","","","","","","","",""
"04202I00000000000268","船越瀧泉院","雄勝町船越字船越74番地1","","58-2587","","","","","","","","",""
"04202I00000000000269","小島熊野神社","雄勝町小島字小島4番地","","","","","","","","","","",""
"04202I00000000000270","明神児童遊園","雄勝町明神字沼尻21番地","","","","","","","","","","",""
"04202I00000000000271","伊勢畑児童遊園跡地","雄勝町雄勝字伊勢畑18番地3","","","","","","","","","","",""
"04202I00000000000272","雄勝中央公園","雄勝町雄勝字下雄勝18番地2","","","","","","","","","","",""
"04202I00000000000273","唐桑五十鈴神社","雄勝町雄勝字唐桑9番地2","","","","","","","","","","",""
"04202I00000000000274","水浜作楽神社","雄勝町水浜字小浜5番地1","","","","","","","","","","",""
"04202I00000000000275","大浜地区コミュニティセンター","雄勝町大浜字袖浜34番地7","","58-2934","","","","","","","","",""
"04202I00000000000276","立浜老人憩いの家","雄勝町立浜字立浜123番地","","58-2923","","","","","","","","",""
"04202I00000000000277","立浜鹿島神社","雄勝町立浜字立浜46番地1","","","","","","","","","","",""
"04202I00000000000278","明神塩釜神社","雄勝町明神字明神9番地2","","","","","","","","","","",""
"04202I00000000000279","上雄勝町内会館","雄勝町上雄勝二丁目47番地","","57-2982","","","","","","","","",""
"04202I00000000000280","分浜老人憩いの家","雄勝町分浜字分浜291番地","","","","","","","","","","",""
"04202I00000000000281","桑浜老人憩いの家","雄勝町桑浜字桑浜84番地2","","58-2928","","","","","","","","",""
"04202I00000000000282","牡鹿公民館","鮎川浜湊川63番地","","45-2611","","","","","","","","",""
"04202I00000000000283","牡鹿体育館","鮎川浜湊川66番地1","","45-2974","","","","","","","","",""
"04202I00000000000284","牡鹿第一保育所","鮎川浜熊野39番地","","45-3177","","","","","","","","",""
"04202I00000000000285","鮎川小学校","鮎川浜清崎山1番地1","","45-3020","","","","","","","","",""
"04202I00000000000286","鮎川中学校","鮎川浜鬼形山1番地24","","45-3117","","","","","","","","",""
"04202I00000000000287","新山生活センター","新山浜台15番地","","","","","","","","","","",""
"04202I00000000000288","網地島開発総合センター","長渡浜杉13番地82","","49-2747","","","","","","","","",""
"04202I00000000000289","牡鹿公民館長渡分館","長渡浜大金35番地1","","49-2334","","","","","","","","",""
"04202I00000000000290","網地生活センター","網地浜髪剃坂107番地","","49-2644","","","","","","","","",""
"04202I00000000000291","十八成老人憩の家","十八成浜山下1番地","","","","","","","","","","",""
"04202I00000000000292","寺山地区コミュニティセンター","十八成浜寺山1番地1","","","","","","","","","","",""
"04202I00000000000293","小沢地区コミュニティセンター","十八成浜葉ノ木沢4番地117","","","","","","","","","","",""
"04202I00000000000294","牡鹿公民館小渕分館","小渕浜薬師山前10番地","","","","","","","","","","",""
"04202I00000000000295","牡鹿第二保育所","給分浜羽黒下3番地10","","46-2513","","","","","","","","",""
"04202I00000000000296","給分老人憩の家","給分浜給分前田1番地1","","","","","","","","","","",""
"04202I00000000000297","大原小学校","大原浜大光寺1番地","","46-2121","","","","","","","","",""
"04202I00000000000298","大原中学校","大原浜一の峠18番地7","","46-2319","","","","","","","","",""
"04202I00000000000299","大原生活センター","大原浜字町16番地","","46-2832","","","","","","","","",""
"04202I00000000000300","小網倉老人憩の家","小網倉浜笹窪3番地2","","","","","","","","","","",""
"04202I00000000000301","牡鹿公民館谷川分館","谷川浜中井道17番地1","","","","","","","","","","",""
"04202I00000000000302","谷川小学校","大谷川浜二重坂1番地1","","48-2261","","","","","","","","",""
"04202I00000000000303","牡鹿公民館大谷川分館","大谷川浜苗代目16番地","","","","","","","","","","",""
"04202I00000000000304","鮫浦生活センター","鮫浦細田15番地","","","","","","","","","","",""
"04202I00000000000305","泊地区コミュニティセンター","泊浜台11番地1","","48-2446","","","","","","","","",""
"04202I00000000000306","泊老人憩の家","泊浜台11番地2","","","","","","","","","","",""
"04202I00000000000307","前網漁民センター","前網浜前網42番地1","","48-2235","","","","","","","","",""
"04202I00000000000308","寄磯センター","寄磯浜前浜28番地4","","48-2251","","","","","","","","",""
"04202I00000000000309","寄磯小学校","寄磯浜五梅沢24番地","","48-2315","","","","","","","","",""
"04202I00000000000310","寄磯中学校","寄磯浜五梅沢24番地","","48-2310","","","","","","","","",""
"04202I00000000000311","牡鹿保健福祉センター（市管理分）","鮎川浜清崎山7番地","","45-2113","","","","","","","","",""
